{
  "dataset": "unsw",
  "feature_names": [
    "dur",
    "proto",
    "service",
    "state",
    "spkts",
    "dpkts",
    "sbytes",
    "dbytes",
    "rate",
    "sload",
    "dload",
    "sloss",
    "dloss",
    "sinpkt",
    "dinpkt",
    "sjit",
    "djit",
    "swin",
    "stcpb",
    "dtcpb",
    "dwin",
    "tcprtt",
    "synack",
    "ackdat",
    "smean",
    "dmean",
    "trans_depth",
    "response_body_len",
    "ct_src_dport_ltm",
    "ct_dst_sport_ltm",
    "is_ftp_login",
    "ct_ftp_cmd",
    "ct_flw_http_mthd",
    "is_sm_ips_ports"
  ],
  "feature_min": [
    0.0,
    0.0,
    0.0,
    2.0,
    1.0,
    0.0,
    28.0,
    0.0,
    0.0,
    0.0,
    0.0,
    0.0,
    0.0,
    0.0,
    0.0,
    0.0,
    0.0,
    0.0,
    0.0,
    0.0,
    0.0,
    0.0,
    0.0,
    0.0,
    28.0,
    0.0,
    0.0,
    0.0,
    1.0,
    1.0,
    0.0,
    0.0,
    0.0,
    0.0
  ],
  "feature_max": [
    59.9999885559082,
    132.0,
    0.0,
    10.0,
    9492.0,
    10974.0,
    12594395.0,
    14655550.0,
    1000000.0,
    5988000256.0,
    22422730.0,
    4745.0,
    5484.0,
    84371.4921875,
    56716.82421875,
    1460480.0,
    289388.28125,
    255.0,
    4294958848.0,
    4294882048.0,
    255.0,
    2.518893003463745,
    1.7058290243148804,
    1.5208840370178223,
    1504.0,
    1458.0,
    172.0,
    6558056.0,
    51.0,
    46.0,
    4.0,
    4.0,
    30.0,
    1.0
  ],
  "n_features": 34,
  "train_tabular_rows": 120000,
  "test_tabular_rows": 50000,
  "train_can_frames": 720000,
  "test_can_frames": 300000
}